32.53952745,-86.64408227,1.0,"Autauga, Alabama, US"
30.72774991,-87.72207058,4.0,"Baldwin, Alabama, US"
31.868263,-85.3871286,1.0,"Barbour, Alabama, US"
32.99642064,-87.12511459999996,1.0,"Bibb, Alabama, US"
33.98210918,-86.56790593,1.0,"Blount, Alabama, US"
32.10030533,-85.71265535,1.0,"Bullock, Alabama, US"
31.75300095,-86.68057478,1.0,"Butler, Alabama, US"
33.77483727,-85.82630386,1.0,"Calhoun, Alabama, US"
32.91360079,-85.39072749,7.0,"Chambers, Alabama, US"
34.17805983,-85.60638968,1.0,"Cherokee, Alabama, US"
32.85044126,-86.7173256,1.0,"Chilton, Alabama, US"
32.02227341,-88.26564429999998,1.0,"Choctaw, Alabama, US"
31.68099859,-87.83548597,0.0,"Clarke, Alabama, US"
33.26984193,-85.85836077,0.0,"Clay, Alabama, US"
33.67679204,-85.52005899,0.0,"Cleburne, Alabama, US"
31.39932826,-85.98901039,3.0,"Coffee, Alabama, US"
34.69847452,-87.80168544,1.0,"Colbert, Alabama, US"
31.43401703,-86.99320044,0.0,"Conecuh, Alabama, US"
32.93690146,-86.24847739,1.0,"Coosa, Alabama, US"
31.247785399999998,-86.45050893,1.0,"Covington, Alabama, US"
31.72941803,-86.31593104,0.0,"Crenshaw, Alabama, US"
34.13020303,-86.86888037,2.0,"Cullman, Alabama, US"
31.43037123,-85.61095742,1.0,"Dale, Alabama, US"
32.32688101,-87.10866709999998,1.0,"Dallas, Alabama, US"
34.45946862,-85.80782906,2.0,"DeKalb, Alabama, US"
32.59785413,-86.14415284,3.0,"Elmore, Alabama, US"
31.1256789,-87.15918694,1.0,"Escambia, Alabama, US"
34.04567266,-86.04051873,3.0,"Etowah, Alabama, US"
33.72076938,-87.73886638,0.0,"Fayette, Alabama, US"
34.44235334,-87.84289505,1.0,"Franklin, Alabama, US"
31.09389027,-85.83572839,0.0,"Geneva, Alabama, US"
32.85504247,-87.95684022,2.0,"Greene, Alabama, US"
32.76039258,-87.63284988,2.0,"Hale, Alabama, US"
31.51148016,-85.24267944,1.0,"Henry, Alabama, US"
31.15197924,-85.29939599,2.0,"Houston, Alabama, US"
34.78144169,-85.99750489,1.0,"Jackson, Alabama, US"
33.55554728,-86.89506300000002,12.0,"Jefferson, Alabama, US"
33.77995024,-88.09668032,0.0,"Lamar, Alabama, US"
34.90171875,-87.65624729,0.0,"Lauderdale, Alabama, US"
34.52041498,-87.31069453,1.0,"Lawrence, Alabama, US"
32.60154883,-85.35132246,9.0,"Lee, Alabama, US"
34.81185586,-86.98310072,0.0,"Limestone, Alabama, US"
32.1597283,-86.65158371,1.0,"Lowndes, Alabama, US"
32.38759944,-85.69267724,1.0,"Macon, Alabama, US"
34.76327133,-86.55069633,2.0,"Madison, Alabama, US"
32.24767634,-87.78796182,1.0,"Marengo, Alabama, US"
34.13697363,-87.88704173,1.0,"Marion, Alabama, US"
34.36975964,-86.30486727,10.0,"Marshall, Alabama, US"
30.78472347,-88.20842409,26.0,"Mobile, Alabama, US"
31.56729412,-87.36995001,0.0,"Monroe, Alabama, US"
32.2206831,-86.20969272,9.0,"Montgomery, Alabama, US"
34.45500589,-86.85475946,1.0,"Morgan, Alabama, US"
32.64048341,-87.29770589,1.0,"Perry, Alabama, US"
33.28094866,-88.08818103,1.0,"Pickens, Alabama, US"
31.80396383,-85.9408295,2.0,"Pike, Alabama, US"
33.29526734,-85.45708831,3.0,"Randolph, Alabama, US"
32.28725256,-85.18415324,2.0,"Russell, Alabama, US"
33.71902176,-86.31029372,2.0,"St. Clair, Alabama, US"
33.26879845,-86.66232561,6.0,"Shelby, Alabama, US"
32.59117397,-88.19916205,1.0,"Sumter, Alabama, US"
33.37823223,-86.16886178,1.0,"Talladega, Alabama, US"
32.86698258,-85.79833053,10.0,"Tallapoosa, Alabama, US"
33.28726072,-87.52556818,4.0,"Tuscaloosa, Alabama, US"
33.80270512,-87.30027177,1.0,"Walker, Alabama, US"
31.4092794,-88.20689944,0.0,"Washington, Alabama, US"
31.98773215,-87.30891118,2.0,"Wilcox, Alabama, US"
34.15030532,-87.37325922,0.0,"Winston, Alabama, US"
29.67866525,-82.35928158,3.0,"Alachua, Florida, US"
30.33060121,-82.28467476,0.0,"Baker, Florida, US"
30.26548745,-85.62122584,2.0,"Bay, Florida, US"
29.95079741,-82.16611613,2.0,"Bradford, Florida, US"
28.29409504,-80.73091022,7.0,"Brevard, Florida, US"
26.15184651,-80.48725556,97.0,"Broward, Florida, US"
30.40666734,-85.19394153,0.0,"Calhoun, Florida, US"
26.90131002,-81.92949121,4.0,"Charlotte, Florida, US"
28.84804315,-82.47614748,2.0,"Citrus, Florida, US"
29.98319144,-81.85609986,8.0,"Clay, Florida, US"
26.11091986,-81.34687065,10.0,"Collier, Florida, US"
30.22509788,-82.62160164,1.0,"Columbia, Florida, US"
27.18677893,-81.80941373,0.0,"DeSoto,Florida,US"
29.60631086,-83.15724673,0.0,"Dixie, Florida, US"
30.33225875,-81.66976468,18.0,"Duval, Florida, US"
30.67652764,-87.37284571,12.0,"Escambia, Florida, US"
29.45933576,-81.31508595,3.0,"Flagler, Florida, US"
29.83791238,-84.82731662,0.0,"Franklin, Florida, US"
30.57796289,-84.61915825,3.0,"Gadsden, Florida, US"
29.72856978,-82.79880657,0.0,"Gilchrist, Florida, US"
26.95635849,-81.18996211,0.0,"Glades, Florida, US"
29.93543004,-85.24270990000002,0.0,"Gulf, Florida, US"
30.49673973,-82.94998918,1.0,"Hamilton, Florida, US"
27.49293939,-81.80956574,0.0,"Hardee, Florida, US"
26.55386945,-81.16469006,2.0,"Hendry, Florida, US"
28.55364461,-82.42700204,1.0,"Hernando, Florida, US"
27.34254618,-81.34071957,1.0,"Highlands, Florida, US"
27.9276559,-82.32013172,18.0,"Hillsborough, Florida, US"
30.86747479,-85.81319222,0.0,"Holmes, Florida, US"
27.69308961,-80.60556721,1.0,"Indian River, Florida, US"
30.795459700000002,-85.21500423,0.0,"Jackson, Florida, US"
30.43669112,-83.89442308,1.0,"Jefferson, Florida, US"
29.98484137,-83.18166636,0.0,"Lafayette, Florida, US"
28.76202069,-81.7125123,4.0,"Lake, Florida, US"
26.58410348,-81.88399313,18.0,"Lee, Florida, US"
30.45955727,-84.27491114,6.0,"Leon, Florida, US"
29.31829741,-82.74007147,0.0,"Levy, Florida, US"
30.23766008,-84.8829258,0.0,"Liberty, Florida, US"
30.44396917,-83.47398594,1.0,"Madison, Florida, US"
27.47196942,-82.31831044,15.0,"Manatee, Florida, US"
29.21227113,-82.05803627,3.0,"Marion, Florida, US"
27.0772071,-80.43109784,3.0,"Martin, Florida, US"
25.6112362,-80.55170587,252.0,"Miami-Dade, Florida, US"
25.20904673,-81.07812416,2.0,"Monroe, Florida, US"
30.61037141,-81.80297522,1.0,"Nassau, Florida, US"
30.69143028,-86.59267105,4.0,"Okaloosa, Florida, US"
27.386336199999995,-80.88944347,0.0,"Okeechobee, Florida, US"
28.51367621,-81.31799498,21.0,"Orange, Florida, US"
28.06312234,-81.14882926,7.0,"Osceola, Florida, US"
26.64676272,-80.46536002,60.0,"Palm Beach, Florida, US"
28.30810945,-82.40227529,4.0,"Pasco, Florida, US"
27.93130349,-82.72239666,11.0,"Pinellas, Florida, US"
27.95027105,-81.69732947,8.0,"Polk, Florida, US"
29.60779729,-81.74230285,2.0,"Putnam, Florida, US"
29.90096506,-81.43589967,2.0,"St. Johns, Florida, US"
27.37763908,-80.47106649,5.0,"St. Lucie, Florida, US"
30.69341450000001,-87.02458128,3.0,"Santa Rosa, Florida, US"
27.18546175,-82.33174248,6.0,"Sarasota, Florida, US"
28.7158582,-81.24060348,6.0,"Seminole, Florida, US"
28.70181754,-82.0794267,4.0,"Sumter, Florida, US"
30.19746066,-82.99099670000003,3.0,"Suwannee, Florida, US"
30.04848048,-83.60445406,1.0,"Taylor, Florida, US"
30.04412971,-82.37497443,0.0,"Union, Florida, US"
29.05858895,-81.18263252,11.0,"Volusia, Florida, US"
30.16548905,-84.39895211,1.0,"Wakulla, Florida, US"
30.64204028,-86.16935664,1.0,"Walton, Florida, US"
30.61359259,-85.66002461,0.0,"Washington, Florida, US"
31.74847232,-82.28909114,1.0,"Appling, Georgia, US"
31.29633502,-82.87545866,0.0,"Atkinson, Georgia, US"
31.55456473,-82.45936528,1.0,"Bacon, Georgia, US"
31.32669878,-84.44218806,0.0,"Baker, Georgia, US"
33.06882326,-83.24701748,6.0,"Baldwin, Georgia, US"
34.35607081,-83.49644388,1.0,"Banks, Georgia, US"
33.99148694,-83.71436292,4.0,"Barrow, Georgia, US"
34.23732119,-84.83887523,3.0,"Bartow, Georgia, US"
31.76095874,-83.22145359,0.0,"Ben Hill, Georgia, US"
31.27590016,-83.22529920000002,0.0,"Berrien, Georgia, US"
32.80904227,-83.70489165,9.0,"Bibb, Georgia, US"
32.43829035,-83.33035166,1.0,"Bleckley, Georgia, US"
31.19576557,-81.97743999,1.0,"Brantley, Georgia, US"
30.83922642,-83.58303423,1.0,"Brooks, Georgia, US"
32.00979311,-81.44002948,0.0,"Bryan, Georgia, US"
32.39577406,-81.74811421,2.0,"Bulloch, Georgia, US"
33.05917989,-81.99928721,2.0,"Burke, Georgia, US"
33.283094500000004,-83.95435040000002,5.0,"Butts, Georgia, US"
31.53169785,-84.62725131,2.0,"Calhoun, Georgia, US"
30.92951916,-81.66601818,0.0,"Camden, Georgia, US"
32.40209349,-82.07702563,0.0,"Candler, Georgia, US"
33.58138199,-85.07976677,7.0,"Carroll, Georgia, US"
34.89872298,-85.13757014,1.0,"Catoosa, Georgia, US"
30.78371028,-82.13951596,0.0,"Charlton, Georgia, US"
32.00043026,-81.12489526,3.0,"Chatham, Georgia, US"
32.34341231,-84.78809239,1.0,"Chattahoochee, Georgia, US"
34.47197698,-85.34535662,1.0,"Chattooga, Georgia, US"
34.24393976,-84.47431861,10.0,"Cherokee, Georgia, US"
33.95436462,-83.37124007,2.0,"Clarke, Georgia, US"
31.62221166,-84.97713865,0.0,"Clay, Georgia, US"
33.54187245,-84.35594188,14.0,"Clayton, Georgia, US"
30.91395822,-82.70432472,0.0,"Clinch, Georgia, US"
33.94243204,-84.5761255,36.0,"Cobb, Georgia, US"
31.54892966,-82.85492059999999,2.0,"Coffee, Georgia, US"
31.18810588,-83.7677946,4.0,"Colquitt, Georgia, US"
33.54534185,-82.263524,3.0,"Columbia, Georgia, US"
31.16068491,-83.42947229,0.0,"Cook, Georgia, US"
33.35334302,-84.76129976,5.0,"Coweta, Georgia, US"
32.71391813,-83.98061238,0.0,"Crawford, Georgia, US"
31.92289565,-83.76811843,4.0,"Crisp, Georgia, US"
34.854916700000004,-85.50490424,0.0,"Dade, Georgia, US"
34.44244079,-84.16964071,1.0,"Dawson, Georgia, US"
30.87967778,-84.57619536,2.0,"Decatur, Georgia, US"
33.76944049,-84.22396017,48.0,"DeKalb, Georgia, US"
32.17265114,-83.16948926,0.0,"Dodge, Georgia, US"
32.15630737,-83.79746561,3.0,"Dooly, Georgia, US"
31.53328528,-84.21722377,26.0,"Dougherty, Georgia, US"
33.70291126,-84.77026156,7.0,"Douglas, Georgia, US"
31.32155345,-84.90255207,4.0,"Early, Georgia, US"
30.71101099,-82.89687287,1.0,"Echols, Georgia, US"
32.36616021,-81.34280942,1.0,"Effingham, Georgia, US"
34.11302332,-82.83936148,0.0,"Elbert, Georgia, US"
32.59221302,-82.30239915,1.0,"Emanuel, Georgia, US"
32.15328841,-81.8870105,0.0,"Evans, Georgia, US"
34.86430205,-84.316964,0.0,"Fannin, Georgia, US"
33.41357794,-84.49089434,4.0,"Fayette, Georgia, US"
34.26268279,-85.21577392,2.0,"Floyd, Georgia, US"
34.22604035,-84.12315129999998,7.0,"Forsyth, Georgia, US"
34.37525597,-83.23159927,0.0,"Franklin, Georgia, US"
33.79216944,-84.46319413,56.0,"Fulton, Georgia, US"
34.69316688,-84.45802506,1.0,"Gilmer, Georgia, US"
33.22879932,-82.61297636,0.0,"Glascock, Georgia, US"
31.23279254,-81.53811412,1.0,"Glynn, Georgia, US"
34.50487351,-84.87296253,2.0,"Gordon, Georgia, US"
30.87454847,-84.23418364,2.0,"Grady, Georgia, US"
33.5769205,-83.17139104,1.0,"Greene, Georgia, US"
33.96044201,-84.02137802,37.0,"Gwinnett, Georgia, US"
34.63331566,-83.53094677,7.0,"Habersham, Georgia, US"
34.32207823,-83.81896936,34.0,"Hall, Georgia, US"
33.2721566,-82.99766919,1.0,"Hancock, Georgia, US"
33.79602175,-85.21005667,0.0,"Haralson, Georgia, US"
32.73709786,-84.90538572,2.0,"Harris, Georgia, US"
34.34626973,-82.96567682,0.0,"Hart, Georgia, US"
33.29686567,-85.12886832,1.0,"Heard, Georgia, US"
33.4533428,-84.14814659999998,9.0,"Henry, Georgia, US"
32.45802497,-83.66879087,4.0,"Houston, Georgia, US"
31.60213036,-83.27501387,0.0,"Irwin, Georgia, US"
34.13794553,-83.56814788,2.0,"Jackson, Georgia, US"
33.31535543,-83.68844964,1.0,"Jasper, Georgia, US"
31.80405727,-82.63724870000001,1.0,"Jeff Davis, Georgia, US"
33.05867328,-82.41609057,1.0,"Jefferson, Georgia, US"
32.79248718,-81.96040187,0.0,"Jenkins, Georgia, US"
32.70211082,-82.66166794,1.0,"Johnson, Georgia, US"
33.02512137,-83.56019163,1.0,"Jones, Georgia, US"
33.07841647,-84.14263877,1.0,"Lamar, Georgia, US"
31.03828570000001,-83.06472457,0.0,"Lanier, Georgia, US"
32.46325233,-82.92221316,1.0,"Laurens, Georgia, US"
31.779330600000005,-84.14324253,4.0,"Lee, Georgia, US"
31.82588896,-81.49251135,1.0,"Liberty, Georgia, US"
33.79201475,-82.45024131,1.0,"Lincoln, Georgia, US"
31.75218791,-81.74952375,1.0,"Long, Georgia, US"
30.83568832,-83.27056716,3.0,"Lowndes, Georgia, US"
34.57286511,-84.00425681,1.0,"Lumpkin, Georgia, US"
33.47851918,-82.48252774,1.0,"McDuffie,Georgia,US"
31.49683595,-81.40163426,1.0,"McIntosh, Georgia, US"
32.35207048,-84.04234127,3.0,"Macon, Georgia, US"
34.12920917,-83.21218732,0.0,"Madison, Georgia, US"
32.3483402,-84.52733571,2.0,"Marion, Georgia, US"
33.04163534,-84.68859732,2.0,"Meriwether, Georgia, US"
31.16568912,-84.73151117,1.0,"Miller, Georgia, US"
31.22483255,-84.19381821,8.0,"Mitchell, Georgia, US"
33.014289,-83.92097166,0.0,"Monroe, Georgia, US"
32.17201038,-82.53527476,0.0,"Montgomery, Georgia, US"
33.59232073,-83.49129491,1.0,"Morgan, Georgia, US"
34.78897608,-84.74993177,1.0,"Murray, Georgia, US"
32.50931999,-84.87142262,8.0,"Muscogee, Georgia, US"
33.55514538,-83.84547140000002,4.0,"Newton, Georgia, US"
33.83749973,-83.43679568,1.0,"Oconee, Georgia, US"
33.878629600000004,-83.08278123,2.0,"Oglethorpe, Georgia, US"
33.91969522,-84.86848792,4.0,"Paulding, Georgia, US"
32.56934316,-83.82937,1.0,"Peach, Georgia, US"
34.46589159,-84.46406611,0.0,"Pickens, Georgia, US"
31.35928155,-82.21598442,1.0,"Pierce, Georgia, US"
33.09310242,-84.38790389,1.0,"Pike, Georgia, US"
34.00267074,-85.18677781,1.0,"Polk, Georgia, US"
32.23334561,-83.47549959999998,1.0,"Pulaski, Georgia, US"
33.32056115,-83.37552891,1.0,"Putnam, Georgia, US"
31.86728114,-85.01773177,0.0,"Quitman, Georgia, US"
34.88389445,-83.40304637,0.0,"Rabun, Georgia, US"
31.76622818,-84.75732369,4.0,"Randolph, Georgia, US"
33.35777107,-82.07026432,13.0,"Richmond, Georgia, US"
33.65145002,-84.02202167,3.0,"Rockdale, Georgia, US"
32.2654021,-84.31258912,0.0,"Schley, Georgia, US"
32.74976524,-81.60779441,0.0,"Screven, Georgia, US"
30.93464824,-84.86823924,1.0,"Seminole, Georgia, US"
33.26310031,-84.28013991,5.0,"Spalding, Georgia, US"
34.55151201,-83.29405315,2.0,"Stephens, Georgia, US"
32.07996777,-84.83208037,1.0,"Stewart, Georgia, US"
32.03650571,-84.19821492,9.0,"Sumter, Georgia, US"
32.69642758,-84.53351366,1.0,"Talbot, Georgia, US"
33.56543317,-82.88136816,0.0,"Taliaferro, Georgia, US"
32.04785085,-82.05539188,0.0,"Tattnall, Georgia, US"
32.55792548,-84.25077141,0.0,"Taylor, Georgia, US"
31.92829517,-82.93491155,0.0,"Telfair, Georgia, US"
31.77527543,-84.44069698,4.0,"Terrell, Georgia, US"
30.86392347,-83.91847289,5.0,"Thomas, Georgia, US"
31.45743864,-83.5236119,2.0,"Tift, Georgia, US"
32.12059861,-82.32957247,1.0,"Toombs, Georgia, US"
34.91369188,-83.74107459999998,1.0,"Towns, Georgia, US"
32.40422134,-82.56904553,0.0,"Treutlen, Georgia, US"
33.03349196,-85.02812115,3.0,"Troup, Georgia, US"
31.71612656,-83.62069378,2.0,"Turner, Georgia, US"
32.67435595,-83.43078662,0.0,"Twiggs, Georgia, US"
34.82995757,-83.98967069,1.0,"Union, Georgia, US"
32.87920671,-84.30024826,8.0,"Upson, Georgia, US"
34.73376362,-85.30165174,2.0,"Walker, Georgia, US"
33.78017694,-83.73552314,2.0,"Walton, Georgia, US"
31.05449097,-82.42224148,3.0,"Ware, Georgia, US"
33.41146451,-82.67795848,1.0,"Warren, Georgia, US"
32.96711864,-82.79357039,0.0,"Washington, Georgia, US"
31.5521809,-81.91894878,0.0,"Wayne, Georgia, US"
32.04066113,-84.54742852,1.0,"Webster, Georgia, US"
32.12009104,-82.72574721,0.0,"Wheeler, Georgia, US"
34.64624278,-83.74905525,1.0,"White, Georgia, US"
34.80987459,-84.96093476,1.0,"Whitfield, Georgia, US"
31.97496928,-83.43438555,3.0,"Wilcox, Georgia, US"
33.78290391,-82.74286107,1.0,"Wilkes, Georgia, US"
32.80291082,-83.17140684,1.0,"Wilkinson, Georgia, US"
31.55162306,-83.85090513,4.0,"Worth, Georgia, US"
36.0434701,-79.39976137,2.0,"Alamance, North Carolina, US"
35.922379600000006,-81.17751948,0.0,"Alexander,North Carolina,US"
36.49360862,-81.12857041,0.0,"Alleghany, North Carolina, US"
34.97403241,-80.09953279,0.0,"Anson, North Carolina, US"
36.43296207,-81.49862729,0.0,"Ashe, North Carolina, US"
36.07569796,-81.92308483,0.0,"Avery, North Carolina, US"
35.48531943,-76.84325809,0.0,"Beaufort, North Carolina, US"
36.0688473,-76.96545943,1.0,"Bertie, North Carolina, US"
34.61296243,-78.56180059,1.0,"Bladen, North Carolina, US"
34.070565,-78.22814204,0.0,"Brunswick, North Carolina, US"
35.61113393,-82.53305,0.0,"Buncombe, North Carolina, US"
35.74989637,-81.70755735,2.0,"Burke, North Carolina, US"
35.3877799,-80.55267168,7.0,"Cabarrus, North Carolina, US"
35.95204977,-81.54799522,1.0,"Caldwell, North Carolina, US"
36.33804939,-76.15568396,0.0,"Camden, North Carolina, US"
34.8932941,-76.54120135,1.0,"Carteret, North Carolina, US"
36.39312665,-79.33353281,0.0,"Caswell, North Carolina, US"
35.66211129,-81.2132617,1.0,"Catawba, North Carolina, US"
35.70394416,-79.25541492,6.0,"Chatham, North Carolina, US"
35.1349263,-84.05970864,1.0,"Cherokee, North Carolina, US"
36.12908077,-76.60118385,1.0,"Chowan, North Carolina, US"
35.05704275,-83.74353633,0.0,"Clay, North Carolina, US"
35.33553364,-81.55204486,1.0,"Cleveland, North Carolina, US"
34.26744084,-78.65801424,3.0,"Columbus, North Carolina, US"
35.11833364,-77.08398081,1.0,"Craven, North Carolina, US"
35.04762133,-78.82623165,4.0,"Cumberland, North Carolina, US"
36.36123664,-75.95876401,0.0,"Currituck, North Carolina, US"
35.66520691,-75.71767334,0.0,"Dare, North Carolina, US"
35.79115496,-80.21256572,2.0,"Davidson, North Carolina, US"
35.93099927,-80.54496571,0.0,"Davie, North Carolina, US"
34.93449805,-77.93140529,1.0,"Duplin, North Carolina, US"
36.03638492,-78.87608331,13.0,"Durham, North Carolina, US"
35.91230639,-77.59436892,2.0,"Edgecombe, North Carolina, US"
36.12859861,-80.25459052,2.0,"Forsyth, North Carolina, US"
36.081519,-78.28708884,2.0,"Franklin, North Carolina, US"
35.29373559,-81.17477045,3.0,"Gaston, North Carolina, US"
36.44667547,-76.69749701,1.0,"Gates, North Carolina, US"
35.3506925,-83.83369267,0.0,"Graham, North Carolina, US"
36.30337451,-78.65184241,2.0,"Granville, North Carolina, US"
35.48544173,-77.67578087,1.0,"Greene, North Carolina, US"
36.07959451,-79.78824948,6.0,"Guilford, North Carolina, US"
36.25669272,-77.6556109,1.0,"Halifax, North Carolina, US"
35.36731853,-78.87243571,2.0,"Harnett, North Carolina, US"
35.55269063,-82.98196486,0.0,"Haywood, North Carolina, US"
35.33788927,-82.4766782,5.0,"Henderson, North Carolina, US"
36.3607755,-76.98104134,1.0,"Hertford, North Carolina, US"
35.01888303,-79.23651674,1.0,"Hoke, North Carolina, US"
35.42017674,-76.15180542,0.0,"Hyde, North Carolina, US"
35.80950511,-80.8743128,1.0,"Iredell, North Carolina, US"
35.28814273,-83.14093385,0.0,"Jackson, North Carolina, US"
35.51745004,-78.36622717,3.0,"Johnston, North Carolina, US"
35.02254606,-77.35870791,0.0,"Jones, North Carolina, US"
35.47623147,-79.17569362,3.0,"Lee, North Carolina, US"
35.24032589999999,-77.64245615,0.0,"Lenoir, North Carolina, US"
35.48508185,-81.21740317,1.0,"Lincoln, North Carolina, US"
35.67736232,-82.0482425,0.0,"McDowell, North Carolina, US"
35.14867843,-83.41696617,0.0,"Macon, North Carolina, US"
35.85402722,-82.71346418,0.0,"Madison, North Carolina, US"
35.84326734,-77.10860251,0.0,"Martin, North Carolina, US"
35.24469268,-80.8317671,24.0,"Mecklenburg, North Carolina, US"
36.01059309,-82.1582442,0.0,"Mitchell, North Carolina, US"
35.33155144,-79.90416657,0.0,"Montgomery, North Carolina, US"
35.30885257,-79.48474178,3.0,"Moore, North Carolina, US"
35.96575634,-77.98422508,2.0,"Nash, North Carolina, US"
34.25758282,-77.87075626,1.0,"New Hanover, North Carolina, US"
36.41736238,-77.39769443,1.0,"Northampton, North Carolina, US"
34.72607366,-77.42908179,1.0,"Onslow, North Carolina, US"
36.06092947,-79.12167935,5.0,"Orange, North Carolina, US"
35.15253315,-76.66559823,0.0,"Pamlico, North Carolina, US"
36.26723798,-76.25134778,1.0,"Pasquotank, North Carolina, US"
34.52265624,-77.90352133,0.0,"Pender, North Carolina, US"
36.17847453,-76.40603143,0.0,"Perquimans, North Carolina, US"
36.38989032,-78.97217358,0.0,"Person, North Carolina, US"
35.59535426,-77.37353178,2.0,"Pitt, North Carolina, US"
35.27820615,-82.16812354,0.0,"Polk, North Carolina, US"
35.71015088,-79.80570339,2.0,"Randolph, North Carolina, US"
35.00417719,-79.74491009,1.0,"Richmond, North Carolina, US"
34.64244496,-79.10250529999998,2.0,"Robeson, North Carolina, US"
36.39593137,-79.77504841,0.0,"Rockingham, North Carolina, US"
35.64003916,-80.52446628,10.0,"Rowan, North Carolina, US"
35.40114178,-81.92112099,3.0,"Rutherford, North Carolina, US"
34.98820368,-78.36914061,1.0,"Sampson, North Carolina, US"
34.8386299,-79.4757978,0.0,"Scotland, North Carolina, US"
35.31647813,-80.25093221,0.0,"Stanly, North Carolina, US"
36.4017975,-80.23893369,0.0,"Stokes, North Carolina, US"
36.41689489,-80.69102283,0.0,"Surry, North Carolina, US"
35.48665845,-83.48748932,0.0,"Swain, North Carolina, US"
35.20383864,-82.79638423,1.0,"Transylvania, North Carolina, US"
35.87147226,-76.17055253,0.0,"Tyrrell, North Carolina, US"
34.98960527,-80.52955873,4.0,"Union, North Carolina, US"
36.36880673,-78.40670845,1.0,"Vance, North Carolina, US"
35.78879266,-78.65249174,13.0,"Wake, North Carolina, US"
36.39728256,-78.10652228,0.0,"Warren, North Carolina, US"
35.83810081,-76.57299037,1.0,"Washington, North Carolina, US"
36.23103603,-81.70033724,0.0,"Watauga, North Carolina, US"
35.36438125,-78.00027268,28.0,"Wayne, North Carolina, US"
36.2084135,-81.16232895,0.0,"Wilkes, North Carolina, US"
35.70625477,-77.917978,5.0,"Wilson, North Carolina, US"
36.16222629,-80.66239436,0.0,"Yadkin, North Carolina, US"
35.90079156,-82.31237181,0.0,"Yancey, North Carolina, US"
34.22333378,-82.46170658,0.0,"Abbeville, South Carolina, US"
33.54338026,-81.63645384,2.0,"Aiken, South Carolina, US"
32.98837386,-81.35321066,1.0,"Allendale, South Carolina, US"
34.51828081,-82.63959517,2.0,"Anderson, South Carolina, US"
33.21927586,-81.05659969,0.0,"Bamberg, South Carolina, US"
33.26679302,-81.43584352,0.0,"Barnwell, South Carolina, US"
32.39226291,-80.72619758,3.0,"Beaufort, South Carolina, US"
33.20222596,-79.94654523,4.0,"Berkeley, South Carolina, US"
33.66926881,-80.77722168,0.0,"Calhoun, South Carolina, US"
32.82487866,-79.96512315,5.0,"Charleston, South Carolina, US"
35.05122251,-81.61828622,1.0,"Cherokee, South Carolina, US"
34.69249168,-81.1583216,0.0,"Chester, South Carolina, US"
34.64137396,-80.15640140000002,1.0,"Chesterfield, South Carolina, US"
33.66610974,-80.21647898,4.0,"Clarendon, South Carolina, US"
32.87582989,-80.67641292,0.0,"Colleton, South Carolina, US"
34.33358335,-79.96027485,3.0,"Darlington, South Carolina, US"
34.39007791,-79.37741872,1.0,"Dillon, South Carolina, US"
33.0794369,-80.40502652,2.0,"Dorchester, South Carolina, US"
33.77221995,-81.96231108,1.0,"Edgefield, South Carolina, US"
34.39287073,-81.1195624,1.0,"Fairfield, South Carolina, US"
34.02361754,-79.70189312,7.0,"Florence, South Carolina, US"
33.43443342,-79.33202141,1.0,"Georgetown, South Carolina, US"
34.89502264,-82.37295012,14.0,"Greenville, South Carolina, US"
34.15272415,-82.12715789,1.0,"Greenwood, South Carolina, US"
32.77419582,-81.13845571,1.0,"Hampton, South Carolina, US"
33.9212828,-78.99555293,5.0,"Horry, South Carolina, US"
32.43171982,-81.02487495,0.0,"Jasper, South Carolina, US"
34.33988254,-80.58763164,2.0,"Kershaw, South Carolina, US"
34.68270843,-80.70513032,1.0,"Lancaster, South Carolina, US"
34.48244419,-82.00490796,1.0,"Laurens, South Carolina, US"
34.16393091,-80.25690731,1.0,"Lee, South Carolina, US"
33.89665987,-81.27146426,7.0,"Lexington, South Carolina, US"
33.90161443,-82.30794338,0.0,"McCormick, South Carolina, US"
34.07859748,-79.36400756,1.0,"Marion, South Carolina, US"
34.59905577,-79.67561152,2.0,"Marlboro, South Carolina, US"
34.28629098,-81.59935761,1.0,"Newberry, South Carolina, US"
34.75225169,-83.06742317,1.0,"Oconee, South Carolina, US"
33.4391073,-80.79886287,0.0,"Orangeburg, South Carolina, US"
34.88807695,-82.72791551,1.0,"Pickens, South Carolina, US"
34.01791263,-80.90267209,17.0,"Richland, South Carolina, US"
34.00795823,-81.72713237,1.0,"Saluda, South Carolina, US"
34.92960077,-81.99225984,5.0,"Spartanburg, South Carolina, US"
33.91826534,-80.37942316,4.0,"Sumter, South Carolina, US"
34.68835752,-81.61730349,0.0,"Union, South Carolina, US"
33.62190129,-79.72767442,1.0,"Williamsburg, South Carolina, US"
34.97281497,-81.18085944,2.0,"York, South Carolina, US"
37.76707161,-75.63234615,4.0,"Accomack, Virginia, US"
38.02080697,-78.55481085,2.0,"Albemarle, Virginia, US"
37.78636074,-80.00222498,0.0,"Alleghany, Virginia, US"
37.34081025,-77.98584649,1.0,"Amelia, Virginia, US"
37.60308293,-79.14548696,0.0,"Amherst, Virginia, US"
37.37569884,-78.81340003,0.0,"Appomattox, Virginia, US"
38.8767675,-77.10139853,20.0,"Arlington, Virginia, US"
38.16404586,-79.12461614,1.0,"Augusta, Virginia, US"
38.05852573,-79.73912095,0.0,"Bath, Virginia, US"
37.3080028,-79.5281964,0.0,"Bedford, Virginia, US"
37.13128068,-81.13599391,0.0,"Bland, Virginia, US"
37.55531756,-79.80982182,0.0,"Botetourt, Virginia, US"
36.76366949,-77.8593436,0.0,"Brunswick, Virginia, US"
37.26818323,-82.03749726,1.0,"Buchanan, Virginia, US"
37.57242268,-78.52518834,1.0,"Buckingham, Virginia, US"
37.20553386,-79.09678609,0.0,"Campbell, Virginia, US"
38.02679129,-77.34901405,1.0,"Caroline, Virginia, US"
36.73066666,-80.73455942,0.0,"Carroll, Virginia, US"
37.35358063,-77.05634116,0.0,"Charles City, Virginia, US"
37.01909701,-78.66314092,1.0,"Charlotte, Virginia, US"
37.37373208,-77.58680140000001,11.0,"Chesterfield, Virginia, US"
39.11271747,-77.99199425,0.0,"Clarke, Virginia, US"
37.48133648,-80.21072274,0.0,"Craig, Virginia, US"
38.48199985,-77.95630870000002,3.0,"Culpeper, Virginia, US"
37.51328851,-78.24398086,0.0,"Cumberland, Virginia, US"
37.12560977,-82.35124171,0.0,"Dickenson, Virginia, US"
37.07544585,-77.63451754,0.0,"Dinwiddie, Virginia, US"
37.93357639,-76.94230311,0.0,"Essex, Virginia, US"
38.83677558,-77.27565836,78.0,"Fairfax, Virginia, US"
38.73564842,-77.80647472,2.0,"Fauquier, Virginia, US"
36.9302126,-80.36738849,0.0,"Floyd, Virginia, US"
37.84157909,-78.27715475,3.0,"Fluvanna, Virginia, US"
36.99536167,-79.88023649,0.0,"Franklin, Virginia, US"
39.20172582,-78.25974949,2.0,"Frederick, Virginia, US"
37.31234791,-80.70636931,0.0,"Giles, Virginia, US"
37.40809042,-76.53524337,0.0,"Gloucester, Virginia, US"
37.71714806,-77.90381514,2.0,"Goochland, Virginia, US"
36.65677234,-81.23215889,0.0,"Grayson, Virginia, US"
38.29545894,-78.46525378,1.0,"Greene, Virginia, US"
36.67878901,-77.56351439,1.0,"Greensville, Virginia, US"
36.76654925,-78.93512622,1.0,"Halifax, Virginia, US"
37.7583355,-77.49464673,4.0,"Hanover, Virginia, US"
37.53460572,-77.39326555,20.0,"Henrico, Virginia, US"
36.68542395,-79.87634026,0.0,"Henry, Virginia, US"
38.35799465,-79.56124594,0.0,"Highland, Virginia, US"
36.90579348,-76.70842863,3.0,"Isle of Wight, Virginia, US"
37.31156958,-76.76950618,1.0,"James City, Virginia, US"
37.71044922,-76.88689628,0.0,"King and Queen, Virginia, US"
38.26818502,-77.15852768,1.0,"King George, Virginia, US"
37.70965316,-77.09384941,0.0,"King William, Virginia, US"
37.71889653,-76.46400482,0.0,"Lancaster, Virginia, US"
36.70586667,-83.12606515,0.0,"Lee, Virginia, US"
39.08990083,-77.63481877,12.0,"Loudoun, Virginia, US"
37.97850256,-77.96274807,1.0,"Louisa, Virginia, US"
36.94618528,-78.24133319,0.0,"Lunenburg, Virginia, US"
38.41531222,-78.28220331,1.0,"Madison, Virginia, US"
37.44164146,-76.34098896,0.0,"Mathews, Virginia, US"
36.67882005,-78.36131056,2.0,"Mecklenburg, Virginia, US"
37.63191998,-76.55064617,0.0,"Middlesex, Virginia, US"
37.17746986,-80.37868691,1.0,"Montgomery, Virginia, US"
37.78790447,-78.88498513,1.0,"Nelson, Virginia, US"
37.50694406,-76.99828634,1.0,"New Kent, Virginia, US"
37.34062933,-75.87751591,0.0,"Northampton, Virginia, US"
37.89202088,-76.41949732,1.0,"Northumberland, Virginia, US"
37.1435975,-78.05065922,0.0,"Nottoway, Virginia, US"
38.24530219,-78.01560400000002,1.0,"Orange, Virginia, US"
38.61807452,-78.48797204,1.0,"Page, Virginia, US"
36.680163799999995,-80.2865648,0.0,"Patrick, Virginia, US"
36.81980341,-79.39731264,1.0,"Pittsylvania, Virginia, US"
37.55016038,-77.91267882,0.0,"Powhatan, Virginia, US"
37.22554789,-78.43597949,1.0,"Prince Edward, Virginia, US"
37.18497668,-77.22922187,0.0,"Prince George, Virginia, US"
38.70916224,-77.48713689,35.0,"Prince William, Virginia, US"
37.06474963,-80.71229738,0.0,"Pulaski, Virginia, US"
38.68295619,-78.15826963,0.0,"Rappahannock, Virginia, US"
37.937575,-76.72920628,2.0,"Richmond, Virginia, US"
37.26865804,-80.06396753,1.0,"Roanoke, Virginia, US"
37.81204314,-79.44605905,0.0,"Rockbridge, Virginia, US"
38.51006137,-78.87260325,7.0,"Rockingham, Virginia, US"
36.93028320000001,-82.10095486,0.0,"Russell, Virginia, US"
36.71466456,-82.60171704,1.0,"Scott, Virginia, US"
38.85905135,-78.56813762,2.0,"Shenandoah, Virginia, US"
36.84455636,-81.53344948,1.0,"Smyth, Virginia, US"
36.72231125,-77.10642712,2.0,"Southampton, Virginia, US"
38.18574462,-77.655399,2.0,"Spotsylvania, Virginia, US"
38.41758738,-77.45917053,7.0,"Stafford, Virginia, US"
37.11781893,-76.88450012,0.0,"Surry, Virginia, US"
36.92432914,-77.25791182,1.0,"Sussex, Virginia, US"
37.12191123,-81.56685568,0.0,"Tazewell, Virginia, US"
38.90847745,-78.20280433,1.0,"Warren, Virginia, US"
36.72341572,-81.95666289,0.0,"Washington, Virginia, US"
38.11021557,-76.80213247,0.0,"Westmoreland, Virginia, US"
36.9746148,-82.62410519,0.0,"Wise, Virginia, US"
36.91582035,-81.07834059,1.0,"Wythe, Virginia, US"
37.24374789,-76.54412815,1.0,"York, Virginia, US"
38.814003,-77.08183073,18.0,"Alexandria, Virginia, US"
36.616302399999995,-82.16359122,0.0,"Bristol, Virginia, US"
37.73484642,-79.35296097,0.0,"Buena Vista, Virginia, US"
38.03527919,-78.48569588,1.0,"Charlottesville, Virginia, US"
36.67670048,-76.30545744,4.0,"Chesapeake, Virginia, US"
37.26420587,-77.39609676,2.0,"Colonial Heights, Virginia, US"
37.7824656,-79.98631446,0.0,"Covington, Virginia, US"
36.58022376,-79.40395668,1.0,"Danville, Virginia, US"
36.69455571,-77.53406129,0.0,"Emporia, Virginia, US"
38.85157547,-77.29779640000002,1.0,"Fairfax City, Virginia, US"
38.88485255,-77.17560759,1.0,"Falls Church, Virginia, US"
36.6831435,-76.93859681,1.0,"Franklin City, Virginia, US"
38.2977863,-77.4922454,0.0,"Fredericksburg, Virginia, US"
36.66601852,-80.91703124,0.0,"Galax, Virginia, US"
37.03513786,-76.35879121,1.0,"Hampton, Virginia, US"
38.43542574,-78.87536254,14.0,"Harrisonburg, Virginia, US"
37.29186313,-77.29754684,0.0,"Hopewell, Virginia, US"
37.78258621,-79.44262866,0.0,"Lexington, Virginia, US"
37.40021399,-79.19888138,2.0,"Lynchburg, Virginia, US"
38.7464321,-77.48509905,5.0,"Manassas,Virginia,US"
38.77058531,-77.44399307,1.0,"Manassas Park, Virginia, US"
36.68212094,-79.86352771,-0.0,"Martinsville, Virginia, US"
37.08166899,-76.51754109,2.0,"Newport News, Virginia, US"
36.89934014,-76.26420872,2.0,"Norfolk, Virginia, US"
36.93357076,-82.62750411,1.0,"Norton, Virginia, US"
37.20530399,-77.39368102,1.0,"Petersburg, Virginia, US"
37.14259351,-76.35798148,0.0,"Poquoson, Virginia, US"
36.85914825,-76.35971629,2.0,"Portsmouth, Virginia, US"
37.12222899,-80.56027320000003,0.0,"Radford, Virginia, US"
37.53255773,-77.47966921,6.0,"Richmond City, Virginia, US"
37.27791025,-79.96189766,0.0,"Roanoke City, Virginia, US"
37.2836193,-80.06219455,1.0,"Salem, Virginia, US"
38.15965544,-79.05979937,0.0,"Staunton, Virginia, US"
36.70155394,-76.63603554,4.0,"Suffolk, Virginia, US"
36.73285734,-76.04566934,5.0,"Virginia Beach, Virginia, US"
38.06451466,-78.90293905,1.0,"Waynesboro, Virginia, US"
37.28131268,-76.70905141,0.0,"Williamsburg, Virginia, US"
39.17054517,-78.17325058,1.0,"Winchester, Virginia, US"
0.0,0.0,0.0,"Out of AL, Alabama, US"
0.0,0.0,-1.0,"Out of FL, Florida, US"
0.0,0.0,50.0,"Out of GA, Georgia, US"
0.0,0.0,0.0,"Out of NC, North Carolina, US"
0.0,0.0,0.0,"Out of SC, South Carolina, US"
0.0,0.0,0.0,"Out of VA, Virginia, US"
0.0,0.0,0.0,"Unassigned, Alabama, US"
0.0,0.0,0.0,"Unassigned, Florida, US"
0.0,0.0,-16.0,"Unassigned, Georgia, US"
0.0,0.0,0.0,"Unassigned, North Carolina, US"
0.0,0.0,0.0,"Unassigned, South Carolina, US"
0.0,0.0,0.0,"Unassigned, Virginia, US"
